video_file,frame_no,shoulder_left_x,shoulder_left_y,shoulder_left_z,shoulder_right_x,shoulder_right_y,shoulder_right_z,elbow_left_x,elbow_left_y,elbow_left_z,elbow_right_x,elbow_right_y,elbow_right_z,hip_left_x,hip_left_y,hip_left_z,hip_right_x,hip_right_y,hip_right_z,knee_left_x,knee_left_y,knee_left_z,knee_right_x,knee_right_y,knee_right_z,ankle_left_x,ankle_left_y,ankle_left_z,ankle_right_x,ankle_right_y,ankle_right_z,label
deadlift_1,116,0.7427254915237427,0.5549383163452148,-0.3371521234512329,0.6333262920379639,0.5531815886497498,-0.32196953892707825,0.7607942223548889,0.7011680603027344,-0.34581682085990906,0.6160070896148682,0.7026199698448181,-0.31733712553977966,0.7135693430900574,0.6195628643035889,0.0017525728326290846,0.6583589911460876,0.6200892925262451,-0.0017203254392370582,0.7464967966079712,0.7244585752487183,-0.32140734791755676,0.6259493231773376,0.7222638130187988,-0.2998742461204529,0.7342473268508911,0.906703531742096,-0.10369546711444855,0.6406759023666382,0.9043317437171936,-0.098884716629982,bottom
deadlift_1,117,0.7428867220878601,0.5546063780784607,-0.34112733602523804,0.6332619786262512,0.5527184009552002,-0.3273125886917114,0.7602196335792542,0.70356285572052,-0.3482673764228821,0.6155782341957092,0.6995161771774292,-0.3193114399909973,0.7121289968490601,0.6213141083717346,0.0021851984784007072,0.6570584177970886,0.6205748319625854,-0.002107000909745693,0.7461671233177185,0.7221307754516602,-0.3204364776611328,0.6260514855384827,0.7225512862205505,-0.29823407530784607,0.7343862652778625,0.9075137972831726,-0.10876144468784332,0.6403014659881592,0.9035000801086426,-0.09977918118238449,bottom
deadlift_1,118,0.7425620555877686,0.5530126690864563,-0.35575079917907715,0.6323952674865723,0.5533317923545837,-0.34292930364608765,0.7596151828765869,0.7015303373336792,-0.36603838205337524,0.6148576736450195,0.7008598446846008,-0.34103792905807495,0.7117801308631897,0.6205668449401855,0.002539855195209384,0.6565290689468384,0.6202855110168457,-0.0024400497786700726,0.7464977502822876,0.7267739772796631,-0.336516797542572,0.624739408493042,0.7252376079559326,-0.31739580631256104,0.733934760093689,0.9063989520072937,-0.09978597611188889,0.6405742168426514,0.9032998085021973,-0.09635168313980103,bottom
deadlift_1,119,0.7430993914604187,0.5536108016967773,-0.3318121135234833,0.6325836181640625,0.5529628992080688,-0.32227233052253723,0.7607492208480835,0.7034133076667786,-0.337425172328949,0.6160768866539001,0.6987109184265137,-0.3133532702922821,0.7126591801643372,0.6227079629898071,0.0027568722143769264,0.6571569442749023,0.6212220788002014,-0.0027068473864346743,0.7459841370582581,0.7265002727508545,-0.3052159249782562,0.6248572468757629,0.7228237390518188,-0.28458908200263977,0.7333886623382568,0.9084500074386597,-0.10062715411186218,0.6401973366737366,0.902824342250824,-0.09314706921577454,bottom
deadlift_1,52,0.7511610388755798,0.26999154686927795,-0.15720193088054657,0.6370941996574402,0.2697720527648926,-0.1427953839302063,0.7678888440132141,0.4083981513977051,-0.0994153693318367,0.622484564781189,0.4136401414871216,-0.0788406953215599,0.7194787263870239,0.5455226898193359,-0.001315903733484447,0.6580355763435364,0.5418204069137573,0.0012061902089044452,0.7184173464775085,0.7303367257118225,0.03857296332716942,0.6580466032028198,0.7274641990661621,0.010074052028357983,0.7335768938064575,0.9095185995101929,0.19283612072467804,0.6425477862358093,0.913551926612854,0.16964785754680634,top
deadlift_1,53,0.7516874670982361,0.27095144987106323,-0.1548423022031784,0.6378384232521057,0.2705113887786865,-0.13897159695625305,0.7682206034660339,0.4083818793296814,-0.09995169192552567,0.6223933696746826,0.41462230682373047,-0.07542172819375992,0.7190870642662048,0.5466316938400269,-0.000834912178106606,0.657596230506897,0.5421987771987915,0.0007260037818923593,0.7182760238647461,0.7291156649589539,0.04416941851377487,0.6586415767669678,0.7254088521003723,0.002631786745041609,0.7336376309394836,0.908541738986969,0.20434348285198212,0.6427034735679626,0.9131965637207031,0.16421343386173248,top
deadlift_1,54,0.7514579892158508,0.2701953649520874,-0.15902657806873322,0.637285590171814,0.2705952823162079,-0.1483461707830429,0.7681273221969604,0.4087972044944763,-0.10096708685159683,0.622289776802063,0.414620578289032,-0.08697547763586044,0.719654381275177,0.5467404723167419,0.0003052364045288414,0.6579883098602295,0.5426859855651855,-0.00042836618376895785,0.7187702655792236,0.7293267250061035,0.04451100155711174,0.6586663722991943,0.727746844291687,0.00713504571467638,0.7331228852272034,0.9058940410614014,0.22062966227531433,0.6431425213813782,0.911232054233551,0.1810598224401474,top
deadlift_1,55,0.7506508231163025,0.26952269673347473,-0.15637241303920746,0.6373192071914673,0.2709781229496002,-0.1430884450674057,0.7680993676185608,0.4075549840927124,-0.09701824933290482,0.6225020289421082,0.41393759846687317,-0.07954926043748856,0.7193586826324463,0.546085774898529,-0.0003396495885681361,0.6575712561607361,0.5425874590873718,0.00021290380391292274,0.7194758653640747,0.7330191731452942,0.03252320736646652,0.6578912734985352,0.7292033433914185,0.01855834573507309,0.732963502407074,0.9065552949905396,0.20225365459918976,0.6429008841514587,0.9117499589920044,0.1927489936351776,top
deadlift_1,56,0.750929057598114,0.2699696123600006,-0.1573343575000763,0.6371206641197205,0.2716842591762543,-0.1495296061038971,0.7676668167114258,0.4092895984649658,-0.0961994081735611,0.6225746273994446,0.4143747389316559,-0.08849024027585983,0.7205589413642883,0.5460373759269714,-9.280562517233193e-05,0.6594147086143494,0.5422922372817993,-3.1263858545571566e-05,0.7195664644241333,0.7334126234054565,0.03449883684515953,0.6573140025138855,0.728492021560669,0.01884922944009304,0.7339231967926025,0.9094775915145874,0.19518373906612396,0.6425012350082397,0.912716805934906,0.18803630769252777,top
deadlift_10,105,0.553981602191925,0.22815018892288208,-0.19225534796714783,0.4514751732349396,0.2433377355337143,-0.1430751234292984,0.567878782749176,0.3510044813156128,-0.15268895030021667,0.4406697154045105,0.36227601766586304,-0.08069341629743576,0.5386368036270142,0.45999833941459656,-0.013841720297932625,0.4860018789768219,0.4616847038269043,0.013794801197946072,0.5389750003814697,0.6393522024154663,-0.04845043644309044,0.48720496892929077,0.6348903179168701,-0.05691566318273544,0.5416955351829529,0.8107302188873291,0.12400706857442856,0.4846397638320923,0.8065159320831299,0.12487326562404633,top
deadlift_10,106,0.5551614165306091,0.22602802515029907,-0.16311763226985931,0.4529288113117218,0.24068549275398254,-0.11491603404283524,0.568605363368988,0.3494492173194885,-0.11163824051618576,0.4413573443889618,0.3572743535041809,-0.04456968978047371,0.5358022451400757,0.460464209318161,-0.012064716778695583,0.48388931155204773,0.46164992451667786,0.012000484392046928,0.538823664188385,0.6438309550285339,-0.03005974180996418,0.4882734417915344,0.6364173293113708,-0.02886560745537281,0.5381890535354614,0.8191787004470825,0.1278427392244339,0.48323768377304077,0.8113455772399902,0.13645121455192566,top
deadlift_10,107,0.555364191532135,0.22661082446575165,-0.16741244494915009,0.4526209831237793,0.24076801538467407,-0.12099425494670868,0.5687039494514465,0.34979480504989624,-0.1156548485159874,0.44103965163230896,0.3570284843444824,-0.050262220203876495,0.5357140302658081,0.45995479822158813,-0.011238918639719486,0.4834182858467102,0.46117132902145386,0.01117691770195961,0.5389082431793213,0.6428330540657043,-0.02887522242963314,0.4879850447177887,0.6356255412101746,-0.032835155725479126,0.5381893515586853,0.8179476261138916,0.12997056543827057,0.4828964173793793,0.809307336807251,0.13534270226955414,top
deadlift_10,108,0.5550044775009155,0.22509175539016724,-0.1794603019952774,0.4545975625514984,0.2400175929069519,-0.11839862912893295,0.5675605535507202,0.3462129235267639,-0.13575135171413422,0.4421539604663849,0.35316595435142517,-0.047643933445215225,0.5354416370391846,0.45915862917900085,-0.01535019651055336,0.48353317379951477,0.4605969488620758,0.015298191457986832,0.5393437147140503,0.6475312113761902,-0.0337681770324707,0.48705071210861206,0.6405913829803467,-0.006771284155547619,0.5388519167900085,0.8239563703536987,0.11967615783214569,0.48189952969551086,0.8117145299911499,0.15307506918907166,top
deadlift_10,109,0.5558968782424927,0.22615189850330353,-0.17500406503677368,0.4575450122356415,0.2397935688495636,-0.11356057971715927,0.5694896578788757,0.34537458419799805,-0.13014407455921173,0.441858172416687,0.3544199764728546,-0.044587280601263046,0.5335674285888672,0.4573040008544922,-0.016742505133152008,0.48146966099739075,0.4596322476863861,0.016683341935276985,0.5367332696914673,0.6437215805053711,-0.03475566953420639,0.4864877462387085,0.6410932540893555,-0.003946620970964432,0.5396497249603271,0.8204823732376099,0.10860392451286316,0.48198744654655457,0.8157364130020142,0.13924862444400787,top
deadlift_10,63,0.5417761206626892,0.4827563762664795,-0.32948610186576843,0.4575210213661194,0.49010977149009705,-0.2864592969417572,0.5609606504440308,0.5926260352134705,-0.34390565752983093,0.45825904607772827,0.5909398794174194,-0.2748037278652191,0.5370379090309143,0.5640145540237427,-0.007462772075086832,0.4932916462421417,0.5663849711418152,0.007724103517830372,0.5481997728347778,0.6333256363868713,-0.3221694827079773,0.48144203424453735,0.6180161237716675,-0.2767917811870575,0.5369229912757874,0.7707898020744324,-0.13597163558006287,0.49397146701812744,0.7639790773391724,-0.09778397530317307,bottom
deadlift_10,64,0.5416551232337952,0.48312315344810486,-0.3323576748371124,0.4573930501937866,0.4931503236293793,-0.2909100353717804,0.561757504940033,0.5885154604911804,-0.3459390699863434,0.4579417407512665,0.5932326316833496,-0.2771601676940918,0.5376446843147278,0.5570963621139526,-0.006782039534300566,0.49391287565231323,0.5602786540985107,0.007052992470562458,0.5468995571136475,0.6261910200119019,-0.3014205992221832,0.48179003596305847,0.6265074014663696,-0.2671129107475281,0.5359602570533752,0.7692453861236572,-0.1166187971830368,0.4949585199356079,0.7654792666435242,-0.08587823063135147,bottom
deadlift_10,65,0.5414828658103943,0.4812259376049042,-0.31596606969833374,0.45674118399620056,0.49396634101867676,-0.27698320150375366,0.5611512660980225,0.5815713405609131,-0.3234771192073822,0.45847979187965393,0.5940721035003662,-0.26078516244888306,0.5388989448547363,0.5578901767730713,-0.006040701176971197,0.49434247612953186,0.5611760020256042,0.006333059631288052,0.5507145524024963,0.626610517501831,-0.3185977339744568,0.48209086060523987,0.6219508051872253,-0.2827780544757843,0.538351833820343,0.7660843133926392,-0.12678028643131256,0.4945424497127533,0.7650908827781677,-0.1008564680814743,bottom
deadlift_10,66,0.5429961085319519,0.48561277985572815,-0.3371325731277466,0.45613816380500793,0.49423953890800476,-0.2912074029445648,0.5613353252410889,0.5969014167785645,-0.35128095746040344,0.45744696259498596,0.5926386713981628,-0.27422288060188293,0.5387694239616394,0.5605646371841431,-0.007935958914458752,0.49496784806251526,0.5614125728607178,0.00821840949356556,0.5468499064445496,0.6340435147285461,-0.2983549237251282,0.47914695739746094,0.6300347447395325,-0.260957807302475,0.5344983339309692,0.7708297967910767,-0.10182249546051025,0.4932742416858673,0.7611761093139648,-0.06938373297452927,bottom
deadlift_10,67,0.5423120856285095,0.4815850853919983,-0.32552051544189453,0.4559765160083771,0.49196529388427734,-0.2811216413974762,0.5614145994186401,0.5898463726043701,-0.33891379833221436,0.45672962069511414,0.5932356119155884,-0.2621297538280487,0.5372213125228882,0.5676537752151489,-0.006232896354049444,0.4927181303501129,0.5671438574790955,0.0065103694796562195,0.5500897765159607,0.6325142979621887,-0.3029927909374237,0.4785133898258209,0.6266170740127563,-0.262835294008255,0.5370486974716187,0.7684402465820312,-0.10350363701581955,0.4917932450771332,0.7638981342315674,-0.07910137623548508,bottom
deadlift_13,117,0.5431045293807983,0.0306758601218462,-0.2453758269548416,0.4114843010902405,0.03190547227859497,-0.2723548710346222,0.5661241412162781,0.19587859511375427,-0.06516475230455399,0.394564151763916,0.1818288415670395,-0.07403697073459625,0.5164793729782104,0.35054102540016174,-0.0020815234165638685,0.4455724358558655,0.3516682982444763,0.0019830388482660055,0.5143555402755737,0.6177138686180115,0.0005060721305198967,0.4487794041633606,0.6142462491989136,0.006330392323434353,0.524980902671814,0.8709700107574463,0.1943390816450119,0.447317898273468,0.869976282119751,0.2137785106897354,top
deadlift_13,118,0.5385309457778931,0.033425718545913696,-0.31918761134147644,0.4115176796913147,0.03819936513900757,-0.31835079193115234,0.5594674348831177,0.20085813105106354,-0.1695190817117691,0.3980015218257904,0.18403668701648712,-0.13943856954574585,0.5085723996162415,0.3518390655517578,-0.00445511844009161,0.45088014006614685,0.35474905371665955,0.0043816883116960526,0.5060005187988281,0.6176728010177612,0.04772700369358063,0.4606061577796936,0.6118713617324829,0.05394339933991432,0.5122001767158508,0.8732374906539917,0.24481576681137085,0.4586445987224579,0.8720072507858276,0.27023303508758545,top
deadlift_13,119,0.5421019196510315,0.03504490852355957,-0.2621587812900543,0.4110740125179291,0.03684425354003906,-0.2675328850746155,0.5647467970848083,0.19967888295650482,-0.11106933653354645,0.3957463800907135,0.18398018181324005,-0.0843440368771553,0.5142229795455933,0.3518488109111786,-0.005559799261391163,0.4480561316013336,0.3535935580730438,0.005468693561851978,0.5089335441589355,0.6141122579574585,0.026652488857507706,0.45160263776779175,0.6117093563079834,0.03351891040802002,0.5178594589233398,0.8722212314605713,0.20617175102233887,0.4540041983127594,0.868794322013855,0.2348719835281372,top
deadlift_13,49,0.5894253253936768,0.394023060798645,-0.4569351077079773,0.45251354575157166,0.3580915331840515,-0.485787570476532,0.5947698354721069,0.5738417506217957,-0.4941617548465729,0.412808895111084,0.5454450845718384,-0.5206038355827332,0.5370725989341736,0.5248312950134277,0.008979441598057747,0.468165785074234,0.5125868320465088,-0.008936578407883644,0.5568904876708984,0.5984920859336853,-0.4424223303794861,0.43614596128463745,0.5882747173309326,-0.47020581364631653,0.5558489561080933,0.7295409440994263,-0.09521479159593582,0.43900996446609497,0.7645999789237976,-0.1471465528011322,bottom
deadlift_13,50,0.5868369340896606,0.39493781328201294,-0.44957098364830017,0.4470164477825165,0.36387449502944946,-0.4740917980670929,0.5936635136604309,0.5733795762062073,-0.4844038784503937,0.4132455289363861,0.5420047044754028,-0.5034723281860352,0.5360867977142334,0.5201910734176636,0.009602028876543045,0.4668949842453003,0.5066508650779724,-0.009531316347420216,0.5536472797393799,0.603026270866394,-0.4224601089954376,0.4389709532260895,0.5924127101898193,-0.4405982792377472,0.5546039342880249,0.7173559665679932,-0.07616136968135834,0.42824915051460266,0.7479192018508911,-0.12275882810354233,bottom
deadlift_13,51,0.5876221060752869,0.39447861909866333,-0.4492577612400055,0.4482173025608063,0.36292165517807007,-0.47440433502197266,0.5935340523719788,0.572539746761322,-0.4820680618286133,0.41293400526046753,0.5386537909507751,-0.5029019713401794,0.5362771153450012,0.5193836092948914,0.00971958413720131,0.4673142433166504,0.5070481300354004,-0.00965358130633831,0.5541201829910278,0.6014866828918457,-0.4166550636291504,0.4385353922843933,0.5930036306381226,-0.4381861090660095,0.5548369288444519,0.7179824709892273,-0.07885930687189102,0.4292881488800049,0.7471749782562256,-0.1231711283326149,bottom
deadlift_13,52,0.5862725377082825,0.3929908871650696,-0.4242995083332062,0.44839370250701904,0.36198529601097107,-0.4524773061275482,0.5929491519927979,0.5689069628715515,-0.46094030141830444,0.4118511974811554,0.5374690890312195,-0.4889918565750122,0.5353195071220398,0.5197409391403198,0.008669201284646988,0.4669589698314667,0.50588458776474,-0.00853278674185276,0.5510916113853455,0.5983196496963501,-0.39314672350883484,0.43641701340675354,0.5738429427146912,-0.411789208650589,0.5488477349281311,0.7008968591690063,-0.08270491659641266,0.4256744980812073,0.7396673560142517,-0.13419106602668762,bottom
deadlift_13,53,0.5857475399971008,0.39224788546562195,-0.4386241137981415,0.4505619704723358,0.3602822422981262,-0.4675429165363312,0.5915250182151794,0.5655955076217651,-0.4759569466114044,0.4110158681869507,0.5348827838897705,-0.504472017288208,0.5359284281730652,0.5173227190971375,0.009139519184827805,0.4668864905834198,0.5052064061164856,-0.009030451066792011,0.551758885383606,0.5933448076248169,-0.40509432554244995,0.4349629580974579,0.5758233666419983,-0.42389971017837524,0.5466195344924927,0.6903837323188782,-0.09736302495002747,0.4274561107158661,0.7420446872711182,-0.14148499071598053,bottom
deadlift_14,108,0.5320959091186523,0.4252016544342041,-0.2930668890476227,0.4345043897628784,0.4263213276863098,-0.30313408374786377,0.5444333553314209,0.5410292744636536,-0.31951332092285156,0.42200836539268494,0.5391250848770142,-0.32685115933418274,0.5076580047607422,0.5250551104545593,0.0009559988393448293,0.45912280678749084,0.5307321548461914,-0.0009013108210638165,0.5185414552688599,0.5789923667907715,-0.33552685379981995,0.44284024834632874,0.5819692611694336,-0.31540802121162415,0.5169357061386108,0.7501553893089294,-0.13972964882850647,0.454122930765152,0.7492496371269226,-0.13311974704265594,bottom
deadlift_14,109,0.532964289188385,0.4255874752998352,-0.28865841031074524,0.43381866812705994,0.4253215193748474,-0.2979251444339752,0.5455692410469055,0.5440880656242371,-0.31111037731170654,0.42215049266815186,0.540041983127594,-0.3172380030155182,0.5062873363494873,0.5217463374137878,0.001226206892170012,0.4580851197242737,0.5262329578399658,-0.0011394077446311712,0.5192221403121948,0.5825001001358032,-0.32581663131713867,0.4422875642776489,0.5846714973449707,-0.3050350844860077,0.5162904858589172,0.7506954669952393,-0.13477225601673126,0.4523858428001404,0.7453817129135132,-0.12861602008342743,bottom
deadlift_14,110,0.532677173614502,0.42433059215545654,-0.2875327169895172,0.43378156423568726,0.42455923557281494,-0.29528871178627014,0.5453831553459167,0.5434645414352417,-0.31145232915878296,0.4219304025173187,0.5380024909973145,-0.3131847381591797,0.5065292716026306,0.521942138671875,0.0014187988126650453,0.4582729935646057,0.5267329216003418,-0.0013212059857323766,0.5201656818389893,0.5827885270118713,-0.3245331645011902,0.44233760237693787,0.5880345106124878,-0.3054185211658478,0.5170362591743469,0.751564085483551,-0.13850456476211548,0.4528807997703552,0.7460659742355347,-0.13239166140556335,bottom
deadlift_14,111,0.5330885052680969,0.4255717694759369,-0.2861306071281433,0.43349266052246094,0.4256405234336853,-0.2966236472129822,0.5454646944999695,0.5428259968757629,-0.30806973576545715,0.4222875237464905,0.5405718684196472,-0.3170298635959625,0.5066163539886475,0.5226027369499207,0.0012399021070450544,0.45779603719711304,0.5270194411277771,-0.0011639808071777225,0.5200625658035278,0.5831120014190674,-0.326450914144516,0.4423304498195648,0.5844780802726746,-0.30780744552612305,0.5163459777832031,0.7507729530334473,-0.13787847757339478,0.45283281803131104,0.7451773881912231,-0.13278384506702423,bottom
deadlift_14,112,0.533402681350708,0.42534422874450684,-0.29198548197746277,0.43317654728889465,0.42608267068862915,-0.3031185567378998,0.545518696308136,0.5429092645645142,-0.3127516806125641,0.4219880998134613,0.540199875831604,-0.3222660720348358,0.5075018405914307,0.5229074954986572,0.0015051233349367976,0.45803624391555786,0.5271689891815186,-0.001430033822543919,0.5197414755821228,0.5862807631492615,-0.32193079590797424,0.44269493222236633,0.5896742343902588,-0.30294734239578247,0.5169721245765686,0.7517133355140686,-0.1305190920829773,0.45391732454299927,0.7505121827125549,-0.12295462191104889,bottom
deadlift_14,45,0.5215740203857422,0.26855260133743286,-0.10132087767124176,0.43886372447013855,0.26987728476524353,-0.11028952151536942,0.53629469871521,0.3572695255279541,-0.052162330597639084,0.4262429475784302,0.36061733961105347,-0.07017172873020172,0.5096542239189148,0.4533713459968567,0.0032519062515348196,0.46242767572402954,0.4575116038322449,-0.003269730368629098,0.5134186744689941,0.5909121036529541,-0.05241040512919426,0.46617230772972107,0.5981329083442688,-0.06693529337644577,0.5198174118995667,0.7500366568565369,0.02036312408745289,0.46131789684295654,0.7495452165603638,0.02187347039580345,top
deadlift_14,46,0.5217911601066589,0.2681424021720886,-0.08919666707515717,0.43904292583465576,0.26887792348861694,-0.10032066702842712,0.5365001559257507,0.3560436964035034,-0.046705279499292374,0.4262583553791046,0.35945284366607666,-0.06090041249990463,0.5097671747207642,0.4527240991592407,0.0032293936237692833,0.46246421337127686,0.4570651054382324,-0.0032485416159033775,0.5128542184829712,0.5927979350090027,-0.043669361621141434,0.46621963381767273,0.5985454320907593,-0.05096122995018959,0.5197697877883911,0.7500739097595215,0.026576394215226173,0.4617004692554474,0.7509580850601196,0.03376651182770729,top
deadlift_14,47,0.521484911441803,0.26805949211120605,-0.09003447741270065,0.4388579726219177,0.2684198021888733,-0.1026148647069931,0.5365935564041138,0.35618939995765686,-0.0471515916287899,0.42609697580337524,0.3593583106994629,-0.06282531470060349,0.5093722343444824,0.4526824951171875,0.004232952371239662,0.4621164798736572,0.4572145640850067,-0.004263387527316809,0.5123048424720764,0.5922839641571045,-0.04368780925869942,0.4656687378883362,0.5980163812637329,-0.0561952218413353,0.5198924541473389,0.7507432103157043,0.028120344504714012,0.4612378180027008,0.7491416335105896,0.034106988459825516,top
deadlift_14,48,0.5215727090835571,0.2676886320114136,-0.10698042809963226,0.43910709023475647,0.26729685068130493,-0.11829422414302826,0.536114513874054,0.35642388463020325,-0.04835428670048714,0.42581722140312195,0.358201801776886,-0.07247020304203033,0.5093365907669067,0.45162543654441833,0.0022881333716213703,0.4619925320148468,0.45535188913345337,-0.0023165205493569374,0.5130530595779419,0.5902462005615234,-0.05635460466146469,0.46504443883895874,0.5991393327713013,-0.05945966765284538,0.5188251733779907,0.7497852444648743,0.022797398269176483,0.4609948694705963,0.7497126460075378,0.031254418194293976,top
deadlift_14,49,0.5218068957328796,0.2667722702026367,-0.11154501140117645,0.4387914538383484,0.26719269156455994,-0.12334849685430527,0.536593496799469,0.35534191131591797,-0.054154668003320694,0.4260319173336029,0.35814327001571655,-0.07896716892719269,0.5094718337059021,0.4521932005882263,0.002500023227185011,0.46196743845939636,0.45626768469810486,-0.0025480331387370825,0.5130262970924377,0.5908308625221252,-0.04827174171805382,0.46462535858154297,0.6013474464416504,-0.05340007320046425,0.5199659466743469,0.7491788864135742,0.03984583541750908,0.46093612909317017,0.7505733370780945,0.04545211419463158,top
deadlift_15,32,0.6061804890632629,0.10448673367500305,-0.25341683626174927,0.4907165765762329,0.08377209305763245,-0.1202404797077179,0.6026413440704346,0.2668757140636444,-0.23424884676933289,0.4549199640750885,0.2299816757440567,-0.027278849855065346,0.5513464212417603,0.3980005085468292,-0.036302369087934494,0.486689954996109,0.38291072845458984,0.03631026670336723,0.5543157458305359,0.6317819952964783,-0.04328819736838341,0.49161195755004883,0.611888587474823,0.13679924607276917,0.5609574913978577,0.8044511675834656,0.261140376329422,0.500149667263031,0.7658835649490356,0.4848429560661316,top
deadlift_15,33,0.6071628332138062,0.09347659349441528,-0.26982381939888,0.4947468340396881,0.08112192153930664,-0.11221093684434891,0.6046680808067322,0.26167941093444824,-0.26200252771377563,0.46087583899497986,0.22650747001171112,-0.027640068903565407,0.5558087825775146,0.39264973998069763,-0.04421278089284897,0.4922577142715454,0.37735509872436523,0.04424966499209404,0.5563291907310486,0.6295838356018066,-0.043662991374731064,0.4967730641365051,0.6091480851173401,0.13634595274925232,0.5635688304901123,0.8093586564064026,0.25104862451553345,0.5045084357261658,0.7710291147232056,0.46085458993911743,top
deadlift_15,34,0.6064040660858154,0.0935615822672844,-0.25358501076698303,0.49449461698532104,0.08036640286445618,-0.1154804453253746,0.6048065423965454,0.2625548243522644,-0.23516888916492462,0.4603988230228424,0.23003241419792175,-0.0365167036652565,0.5552487969398499,0.3904650807380676,-0.038909152150154114,0.4920119345188141,0.37615767121315,0.03890193626284599,0.5564365386962891,0.6286542415618896,-0.05781023949384689,0.4967193007469177,0.6094350218772888,0.11870303004980087,0.5627752542495728,0.8063677549362183,0.2287370264530182,0.5034219622612,0.7693753838539124,0.4387573301792145,top
deadlift_15,35,0.6083633303642273,0.09837201237678528,-0.27673426270484924,0.49664583802223206,0.08102121949195862,-0.13286319375038147,0.6073529124259949,0.2660307288169861,-0.26135897636413574,0.46305036544799805,0.22963251173496246,-0.04261351376771927,0.5558862090110779,0.39251238107681274,-0.037934064865112305,0.49178171157836914,0.3746168911457062,0.03798811137676239,0.5563105344772339,0.6246144771575928,-0.046208128333091736,0.4980418384075165,0.6070217490196228,0.13193650543689728,0.5653788447380066,0.8055070042610168,0.23747752606868744,0.5052067637443542,0.7680004239082336,0.4542832672595978,top
deadlift_15,36,0.6078813076019287,0.09138920903205872,-0.26224082708358765,0.49838095903396606,0.08131837844848633,-0.10394623130559921,0.6043818593025208,0.2598075270652771,-0.2530619204044342,0.4629640579223633,0.227242112159729,-0.020199626684188843,0.5578245520591736,0.3951648771762848,-0.04347747564315796,0.4952167272567749,0.37904033064842224,0.04348752647638321,0.5616959929466248,0.6355672478675842,-0.06388596445322037,0.4998859763145447,0.6079502701759338,0.12028329074382782,0.5663367509841919,0.8039398193359375,0.2443971484899521,0.5044623017311096,0.7632772922515869,0.4545064866542816,top
deadlift_15,52,0.5481974482536316,0.30830568075180054,-0.5237780809402466,0.4388788938522339,0.3008161783218384,-0.2830689549446106,0.5743017792701721,0.4923492968082428,-0.5445090532302856,0.4395758807659149,0.4404977858066559,-0.191193625330925,0.5917106866836548,0.4394347667694092,-0.07756859809160233,0.5285212993621826,0.43016567826271057,0.07767008244991302,0.5337905883789062,0.5960413813591003,-0.2796599566936493,0.4649203419685364,0.5496165752410889,-0.0016222245758399367,0.5323190689086914,0.7964497208595276,-0.13353261351585388,0.5121386647224426,0.6806950569152832,0.19544734060764313,bottom
deadlift_15,53,0.5072392225265503,0.3603900074958801,-0.4294731318950653,0.43144017457962036,0.3811269700527191,-0.2722679078578949,0.5421976447105408,0.512969970703125,-0.44428160786628723,0.43827545642852783,0.5025182366371155,-0.22641362249851227,0.5650859475135803,0.42198875546455383,-0.051193054765462875,0.5153539180755615,0.4440954327583313,0.051120445132255554,0.5545987486839294,0.5742526054382324,-0.10609481483697891,0.48091161251068115,0.591240644454956,0.0016442883061245084,0.5736454129219055,0.627388596534729,0.16838338971138,0.5325194001197815,0.609162449836731,0.2632441818714142,bottom
deadlift_15,54,0.5016229748725891,0.35353025794029236,-0.45724552869796753,0.4306771159172058,0.382161408662796,-0.28023791313171387,0.5413095355033875,0.4838615357875824,-0.4719657301902771,0.4378489553928375,0.5039440393447876,-0.20512914657592773,0.5628651976585388,0.41687139868736267,-0.05427216738462448,0.5141088366508484,0.44718992710113525,0.05435063689947128,0.5609244108200073,0.5526366829872131,-0.07067540287971497,0.4778718054294586,0.5945165157318115,-0.00561443530023098,0.5820668935775757,0.6016883850097656,0.23824557662010193,0.5365670323371887,0.607598066329956,0.2686310112476349,bottom
deadlift_16,43,0.5699669122695923,0.5042497515678406,-0.4478985369205475,0.4501183331012726,0.5084733366966248,-0.45677703619003296,0.5781574845314026,0.634596049785614,-0.46752050518989563,0.4482406675815582,0.6416308283805847,-0.4732019305229187,0.5430092215538025,0.6176366806030273,0.006448494736105204,0.4774492681026459,0.6210024356842041,-0.006319041829556227,0.6201032996177673,0.6753306984901428,-0.29671984910964966,0.4160626232624054,0.6665705442428589,-0.36985498666763306,0.6068364381790161,0.7537105083465576,0.06875662505626678,0.4009038507938385,0.832080066204071,-0.05868612229824066,bottom
deadlift_16,44,0.5701343417167664,0.5045151710510254,-0.4563658535480499,0.45010891556739807,0.5078926682472229,-0.4803455173969269,0.577759861946106,0.634040355682373,-0.46934935450553894,0.44750186800956726,0.6396380066871643,-0.49963435530662537,0.5444560647010803,0.6202349662780762,0.008615025319159031,0.4776712954044342,0.624162495136261,-0.008426734246313572,0.6202515363693237,0.6780556440353394,-0.3308819532394409,0.4139111340045929,0.6688064336776733,-0.38882896304130554,0.6239585876464844,0.824440062046051,0.022039609029889107,0.4032481014728546,0.8347111344337463,-0.039695341140031815,bottom
deadlift_16,45,0.5705822706222534,0.5044730305671692,-0.4450843930244446,0.4505224823951721,0.5075024962425232,-0.4724648892879486,0.5785050392150879,0.633249044418335,-0.43661433458328247,0.44766440987586975,0.6400229930877686,-0.4812987744808197,0.5453177690505981,0.6199864745140076,0.00732386764138937,0.4783239960670471,0.6247597932815552,-0.0071372948586940765,0.6198646426200867,0.6767271161079407,-0.3617538511753082,0.41348743438720703,0.669038712978363,-0.4083576798439026,0.6286348104476929,0.8487018346786499,-0.027289405465126038,0.40292826294898987,0.8387864232063293,-0.07312487810850143,bottom
deadlift_16,46,0.5709194540977478,0.5033710598945618,-0.4475719630718231,0.4499327838420868,0.50682133436203,-0.47069236636161804,0.5776620507240295,0.6333615779876709,-0.4404425323009491,0.4474278688430786,0.6380141377449036,-0.48190414905548096,0.5449259281158447,0.6159526109695435,0.0074647036381065845,0.47884371876716614,0.6198731064796448,-0.007322204764932394,0.6209354400634766,0.6782004237174988,-0.34543687105178833,0.41289493441581726,0.6718056201934814,-0.3920334279537201,0.6280660033226013,0.8492846488952637,-0.031312957406044006,0.40173885226249695,0.8452520370483398,-0.0844714492559433,bottom
deadlift_16,47,0.5713396072387695,0.5035356283187866,-0.45628196001052856,0.44993093609809875,0.5053028464317322,-0.48417147994041443,0.5785717368125916,0.6322486400604248,-0.45716652274131775,0.4467146694660187,0.6345130205154419,-0.502951979637146,0.5455834865570068,0.6171624064445496,0.008820833638310432,0.47862040996551514,0.6200944781303406,-0.008670409210026264,0.6203029155731201,0.6790904998779297,-0.3485647737979889,0.41529789566993713,0.6671769618988037,-0.4048863351345062,0.6295777559280396,0.8450922966003418,-0.0072141727432608604,0.4016294479370117,0.8411085605621338,-0.07128748297691345,bottom
deadlift_16,82,0.5605480670928955,0.26406770944595337,-0.18200092017650604,0.44919270277023315,0.2640169858932495,-0.1840684711933136,0.5723273158073425,0.3961744010448456,-0.13855957984924316,0.4383228123188019,0.3938724994659424,-0.1361214816570282,0.5396965742111206,0.5106874704360962,-0.0014951829798519611,0.47794538736343384,0.5132781267166138,0.001294317771680653,0.5841699242591858,0.683127224445343,-0.0015586224617436528,0.43910080194473267,0.6860156655311584,0.00912751816213131,0.6265431046485901,0.8474552631378174,0.1488490104675293,0.3993311822414398,0.8479304313659668,0.17881911993026733,top
deadlift_16,83,0.5597031712532043,0.2657455503940582,-0.19169972836971283,0.4489730894565582,0.2671778202056885,-0.2042214423418045,0.5708778500556946,0.39609453082084656,-0.13468752801418304,0.43918609619140625,0.3956734538078308,-0.15268555283546448,0.5400674939155579,0.5107865929603577,0.0052872044034302235,0.4775856137275696,0.5138939023017883,-0.0054949684999883175,0.5851079821586609,0.6890668869018555,0.009322413243353367,0.4410971403121948,0.6900283098220825,0.017666328698396683,0.6258291006088257,0.8516010046005249,0.1542467623949051,0.40079984068870544,0.8503084182739258,0.17570695281028748,top
deadlift_16,84,0.5591006875038147,0.26702025532722473,-0.19209131598472595,0.44879668951034546,0.2666756212711334,-0.20356567203998566,0.5705050826072693,0.3960104286670685,-0.13864766061306,0.43919438123703003,0.39457249641418457,-0.1538463979959488,0.5392088294029236,0.5092958211898804,0.004639835096895695,0.477336585521698,0.5122054815292358,-0.0048426976427435875,0.5837191343307495,0.6863399147987366,0.00898471288383007,0.4417259097099304,0.687739372253418,0.01450705248862505,0.6256076693534851,0.8494781255722046,0.14853867888450623,0.4007885456085205,0.8498951196670532,0.16784542798995972,top
deadlift_16,85,0.5580301880836487,0.27436432242393494,-0.18140970170497894,0.4500785768032074,0.273937463760376,-0.19822973012924194,0.5700809955596924,0.39722368121147156,-0.1221378967165947,0.4401218295097351,0.3980158567428589,-0.14796826243400574,0.5395910143852234,0.5166309475898743,0.006337318103760481,0.47759538888931274,0.5189465880393982,-0.006520869676023722,0.5835386514663696,0.6877480745315552,0.005723828449845314,0.4413560926914215,0.6925695538520813,0.012939625419676304,0.6246565580368042,0.8492007255554199,0.14846649765968323,0.40027010440826416,0.8505317568778992,0.16966892778873444,top
deadlift_16,86,0.5587143301963806,0.27466148138046265,-0.18543969094753265,0.4497581422328949,0.2745152711868286,-0.20188826322555542,0.5704312920570374,0.39810383319854736,-0.12463688850402832,0.43990448117256165,0.39807015657424927,-0.1504795104265213,0.5396339893341064,0.5166419744491577,0.00629867659881711,0.4773656725883484,0.5183045864105225,-0.006490997038781643,0.5835702419281006,0.6881104707717896,0.0065079256892204285,0.44153326749801636,0.6920210719108582,0.013157187029719353,0.6247358322143555,0.8491032123565674,0.1545032411813736,0.4007537066936493,0.8501248359680176,0.173276886343956,top
deadlift_18,34,0.5469027757644653,0.4460231065750122,-0.2952641546726227,0.4382782280445099,0.43459391593933105,-0.3837112486362457,0.5467301607131958,0.5739242434501648,-0.3129119277000427,0.42610031366348267,0.5783286094665527,-0.4233710467815399,0.5056333541870117,0.5884315967559814,0.014948997646570206,0.4477284848690033,0.5888810157775879,-0.015073598362505436,0.5812118053436279,0.6124169826507568,-0.32044628262519836,0.3819052278995514,0.613312840461731,-0.39099711179733276,0.576142430305481,0.7732328176498413,-0.0584486648440361,0.38719454407691956,0.7679669857025146,-0.1199720948934555,bottom
deadlift_18,35,0.5473561882972717,0.44144207239151,-0.3048469126224518,0.4374672472476959,0.4311351180076599,-0.39559629559516907,0.5466707348823547,0.5722153782844543,-0.32186052203178406,0.42526981234550476,0.57573401927948,-0.4330783784389496,0.5046246647834778,0.5894031524658203,0.015261262655258179,0.44563087821006775,0.5888205766677856,-0.015402808785438538,0.5840928554534912,0.6141328811645508,-0.33028146624565125,0.3785914182662964,0.6308081150054932,-0.3929189443588257,0.5781053900718689,0.7746034860610962,-0.04717039689421654,0.38511306047439575,0.7638459801673889,-0.0822683647274971,bottom
deadlift_18,36,0.5471834540367126,0.44551771879196167,-0.2866954505443573,0.43818673491477966,0.43107467889785767,-0.37260621786117554,0.5467739105224609,0.5736249089241028,-0.30065301060676575,0.4267961084842682,0.576310932636261,-0.4046078324317932,0.5059701204299927,0.5859946608543396,0.015007168054580688,0.4481388032436371,0.5869677066802979,-0.015149143524467945,0.5815852880477905,0.6128297448158264,-0.3155812919139862,0.38438159227371216,0.626887321472168,-0.3010193109512329,0.5778541564941406,0.7807538509368896,-0.09023196250200272,0.39158910512924194,0.700852632522583,0.05915961414575577,bottom
deadlift_18,37,0.5486871600151062,0.4371327757835388,-0.2927790880203247,0.440912663936615,0.4215862452983856,-0.3838241696357727,0.5466504693031311,0.5645214915275574,-0.30959656834602356,0.42493098974227905,0.5722227096557617,-0.4234931170940399,0.5056342482566833,0.5849100947380066,0.01619202084839344,0.44771575927734375,0.5810967087745667,-0.016345219686627388,0.5847151875495911,0.6136725544929504,-0.3193510174751282,0.3801220655441284,0.6140120625495911,-0.3944479525089264,0.5676217675209045,0.746681809425354,-0.04338619485497475,0.38598760962486267,0.7715491652488708,-0.11676686257123947,bottom
deadlift_18,38,0.5486826300621033,0.4375370442867279,-0.2887018024921417,0.4411128759384155,0.4228353500366211,-0.3819626271724701,0.5466098189353943,0.5643481612205505,-0.30580028891563416,0.424552321434021,0.5725530982017517,-0.42187896370887756,0.5059401392936707,0.5849834084510803,0.016983944922685623,0.44759470224380493,0.5815265774726868,-0.01714077778160572,0.5840829014778137,0.6137828826904297,-0.31538069248199463,0.3812766671180725,0.6148377060890198,-0.40047210454940796,0.5703471302986145,0.7470766305923462,-0.039941105991601944,0.3867878317832947,0.7785618901252747,-0.12171859294176102,bottom
deadlift_18,78,0.5447627902030945,0.2117687165737152,-0.10183492302894592,0.43788349628448486,0.19325771927833557,-0.19370818138122559,0.5554426312446594,0.34448257088661194,-0.04548517242074013,0.42995166778564453,0.3266816735267639,-0.20526906847953796,0.52815842628479,0.4578738808631897,0.024340353906154633,0.4639537036418915,0.4600714147090912,-0.02438010461628437,0.5650179386138916,0.63738614320755,0.07640545815229416,0.42825767397880554,0.6472665667533875,-0.04500558227300644,0.5999928116798401,0.8064291477203369,0.2658233046531677,0.38150474429130554,0.8330292701721191,0.09173505753278732,top
deadlift_18,79,0.5445826053619385,0.2114291936159134,-0.10132335126399994,0.4375587999820709,0.19348731637001038,-0.19396072626113892,0.55538010597229,0.34418541193008423,-0.042584922164678574,0.4299880862236023,0.3278859257698059,-0.20303425192832947,0.5281736254692078,0.45794034004211426,0.024037307128310204,0.46406686305999756,0.46031421422958374,-0.02407679334282875,0.5652316212654114,0.6375102400779724,0.07693280279636383,0.42788687348365784,0.6480278968811035,-0.043291058391332626,0.6001522541046143,0.8062714338302612,0.2658984959125519,0.3812604546546936,0.8338685035705566,0.09168848395347595,top
deadlift_18,80,0.545007586479187,0.2115117609500885,-0.10032669454813004,0.43706876039505005,0.19341877102851868,-0.18913830816745758,0.5553889274597168,0.34386569261550903,-0.047770097851753235,0.4298649728298187,0.32893308997154236,-0.2067912369966507,0.5282889604568481,0.45898759365081787,0.022809825837612152,0.46373289823532104,0.46064749360084534,-0.022838763892650604,0.5654318332672119,0.6365756392478943,0.0775909423828125,0.4285431504249573,0.6456930637359619,-0.06695537269115448,0.5995239615440369,0.8036030530929565,0.27728599309921265,0.38137418031692505,0.8331619501113892,0.07237232476472855,top
deadlift_18,81,0.5434755682945251,0.21314293146133423,-0.12263782322406769,0.43704625964164734,0.19757622480392456,-0.2041647732257843,0.5580766201019287,0.34578990936279297,-0.058890268206596375,0.4301827549934387,0.3261217176914215,-0.21892020106315613,0.5309516191482544,0.45876359939575195,0.019715311005711555,0.46660661697387695,0.4628671705722809,-0.01979680545628071,0.569449245929718,0.640831470489502,0.0658969059586525,0.4294535219669342,0.6486958861351013,-0.030792145058512688,0.603500247001648,0.8059576153755188,0.24466164410114288,0.3788379728794098,0.836929202079773,0.10242881625890732,top
deadlift_18,82,0.5430558323860168,0.21597866714000702,-0.13536480069160461,0.4373518228530884,0.19959965348243713,-0.21171505749225616,0.5578930377960205,0.3474985361099243,-0.07468578964471817,0.4304271340370178,0.326374351978302,-0.2288028746843338,0.5306673049926758,0.45930543541908264,0.017721520736813545,0.4663604497909546,0.4630444049835205,-0.017806071788072586,0.5699025392532349,0.6389530897140503,0.04283623397350311,0.42871665954589844,0.6511688232421875,-0.02765689417719841,0.6041991114616394,0.8065112829208374,0.21789823472499847,0.3791266083717346,0.8399307727813721,0.11072760075330734,top
deadlift_20,10,0.5082691311836243,0.3243761658668518,-0.5276238918304443,0.3670841157436371,0.3576395809650421,-0.4343298077583313,0.5459451675415039,0.5218266844749451,-0.5922059416770935,0.3688432276248932,0.5397788286209106,-0.4463493227958679,0.5086051821708679,0.49986979365348816,-0.01693655177950859,0.43750494718551636,0.5108720064163208,0.01687180995941162,0.5079063773155212,0.5892430543899536,-0.5092476010322571,0.41714298725128174,0.6039977073669434,-0.45059898495674133,0.5235546827316284,0.7180052995681763,-0.08581425994634628,0.4432741701602936,0.7839295864105225,-0.06061018630862236,bottom
deadlift_20,11,0.5093962550163269,0.315047949552536,-0.5390805602073669,0.36836087703704834,0.3510136306285858,-0.4383207857608795,0.5474146008491516,0.5197096467018127,-0.6091304421424866,0.3685709238052368,0.5316980481147766,-0.4547700583934784,0.5126339197158813,0.5000429749488831,-0.019937237724661827,0.4414876699447632,0.5093451738357544,0.019863950088620186,0.5110607743263245,0.5847797989845276,-0.5225253701210022,0.41596853733062744,0.6116765737533569,-0.46012839674949646,0.526308000087738,0.7185932397842407,-0.10528574883937836,0.446501761674881,0.7788066864013672,-0.06948437541723251,bottom
deadlift_20,43,0.546591579914093,0.04874575138092041,-0.20261867344379425,0.4628266990184784,0.06726539134979248,-0.004099039360880852,0.560732901096344,0.20600809156894684,-0.1966455578804016,0.4318370521068573,0.2150067389011383,0.06078080087900162,0.5102967023849487,0.36194807291030884,-0.07169825583696365,0.47945526242256165,0.3577486276626587,0.07178865373134613,0.5153212547302246,0.610464334487915,-0.0940689891576767,0.4747908413410187,0.6112937927246094,0.07074760645627975,0.5189090371131897,0.8531398773193359,0.007049062289297581,0.47307702898979187,0.8476153016090393,0.18248100578784943,top
deadlift_20,44,0.5620760321617126,0.049908459186553955,-0.17665179073810577,0.4597788155078888,0.06536862254142761,-0.036195673048496246,0.574884295463562,0.1903451681137085,-0.14760857820510864,0.4314044117927551,0.20220054686069489,0.034147441387176514,0.5198829174041748,0.36012306809425354,-0.051391370594501495,0.47050175070762634,0.354800820350647,0.05145006254315376,0.5271686911582947,0.6047235727310181,-0.09137789905071259,0.467021107673645,0.6010871529579163,0.04673808813095093,0.5238401889801025,0.8438078165054321,0.05197414010763168,0.46706241369247437,0.8364400863647461,0.19589021801948547,top
deadlift_20,45,0.5653848052024841,0.04990812763571739,-0.17743900418281555,0.45967134833335876,0.06178346276283264,-0.041747719049453735,0.5758176445960999,0.1925373524427414,-0.14789395034313202,0.4304582476615906,0.20221741497516632,0.029705282300710678,0.5238966941833496,0.3586125373840332,-0.04804052412509918,0.4682215750217438,0.35237717628479004,0.048041537404060364,0.5294963717460632,0.6035336256027222,-0.08543030172586441,0.4644375741481781,0.5934374928474426,0.038662683218717575,0.5268293619155884,0.8441381454467773,0.06686754524707794,0.4649435877799988,0.8340367078781128,0.19893813133239746,top
deadlift_20,46,0.5643090009689331,0.054375410079956055,-0.21010594069957733,0.459016889333725,0.06814718246459961,-0.08384760469198227,0.577112078666687,0.1860988289117813,-0.16729868948459625,0.4295775592327118,0.21164417266845703,-0.004837083164602518,0.5231690406799316,0.35854560136795044,-0.049466852098703384,0.4728010892868042,0.3515969514846802,0.04948563128709793,0.5270827412605286,0.6051583290100098,-0.09714037925004959,0.4654749631881714,0.5907018780708313,0.040743980556726456,0.5231848955154419,0.8478418588638306,0.035883232951164246,0.46527281403541565,0.8360034227371216,0.18188044428825378,top
deadlift_20,47,0.5646284818649292,0.05718424916267395,-0.24077163636684418,0.4639357030391693,0.06752726435661316,-0.06790940463542938,0.5549622178077698,0.2069772481918335,-0.2203724980354309,0.43549659848213196,0.20640984177589417,0.008472676388919353,0.514794647693634,0.36297106742858887,-0.058076631277799606,0.479606956243515,0.3549438714981079,0.058123014867305756,0.5134178996086121,0.6137569546699524,-0.08707038313150406,0.47688648104667664,0.6133657097816467,0.046094514429569244,0.5131890177726746,0.8514488339424133,0.01518157497048378,0.48382997512817383,0.8561649322509766,0.1563260853290558,top
deadlift_20,7,0.507530689239502,0.3320193886756897,-0.5154817700386047,0.36717838048934937,0.3713557720184326,-0.4286729693412781,0.5490818619728088,0.5287582874298096,-0.5816936492919922,0.3663909137248993,0.5539329051971436,-0.4494769275188446,0.5038027167320251,0.5081888437271118,-0.01476298738270998,0.434273362159729,0.5222459435462952,0.01466585323214531,0.4993279278278351,0.595525324344635,-0.485379159450531,0.4107798933982849,0.6115490198135376,-0.46236321330070496,0.5154616832733154,0.7102803587913513,-0.058360204100608826,0.43788400292396545,0.7821447849273682,-0.08162907510995865,bottom
deadlift_20,8,0.5082643032073975,0.33385273814201355,-0.5254029035568237,0.3669934868812561,0.3663039803504944,-0.4393414258956909,0.5473347902297974,0.5313062071800232,-0.5939765572547913,0.3665218651294708,0.5449385643005371,-0.4494190514087677,0.5041662454605103,0.5136411190032959,-0.013521422632038593,0.4329797327518463,0.5231131911277771,0.013453892432153225,0.5045515298843384,0.5970304012298584,-0.5100411772727966,0.41552674770355225,0.6257606148719788,-0.482045441865921,0.5158601999282837,0.6948108077049255,-0.048766713589429855,0.437076598405838,0.7192424535751343,0.001619261922314763,bottom
deadlift_20,9,0.5070681571960449,0.3322046101093292,-0.5175626277923584,0.36665621399879456,0.36574703454971313,-0.4372476637363434,0.547802209854126,0.5314985513687134,-0.5859888195991516,0.3661881685256958,0.5448005795478821,-0.447645366191864,0.5037879943847656,0.5125318765640259,-0.010889919474720955,0.43249258399009705,0.5220385789871216,0.010845709592103958,0.5049675107002258,0.5963369011878967,-0.5015812516212463,0.41572704911231995,0.623837947845459,-0.4858090281486511,0.5168573260307312,0.6933075189590454,-0.05138535052537918,0.4364694654941559,0.7130743861198425,-0.0019442125922068954,bottom
deadlift_22,10,0.4535096287727356,0.38677605986595154,-0.22470280528068542,0.4502107501029968,0.38464152812957764,0.09050584584474564,0.47109535336494446,0.5174183249473572,-0.2306962013244629,0.47597625851631165,0.4897368848323822,0.1048283651471138,0.5579152703285217,0.4850132167339325,-0.09752830862998962,0.5462177395820618,0.49088868498802185,0.09761182963848114,0.4723963141441345,0.5139881372451782,-0.14800573885440826,0.4643097519874573,0.5016704201698303,0.20655417442321777,0.5026674270629883,0.6024374961853027,-0.000689575681462884,0.4981336295604706,0.5951810479164124,0.21004465222358704,bottom
deadlift_22,11,0.4525113105773926,0.3832336962223053,-0.22119209170341492,0.4490906298160553,0.3843328654766083,0.1095275729894638,0.47030454874038696,0.515044629573822,-0.2322782725095749,0.4715060591697693,0.48959511518478394,0.1279529631137848,0.5582263469696045,0.48102104663848877,-0.10199351608753204,0.5472739934921265,0.487029105424881,0.10209748893976212,0.48043927550315857,0.5138262510299683,-0.19082048535346985,0.46818575263023376,0.5058301091194153,0.23081664741039276,0.501484751701355,0.5847378373146057,-0.031552646309137344,0.4948804974555969,0.5884186029434204,0.2496911585330963,bottom
deadlift_22,12,0.45632240176200867,0.37276291847229004,-0.19754603505134583,0.45108944177627563,0.3736315369606018,0.10547422617673874,0.4710175096988678,0.5042365789413452,-0.1931876838207245,0.47136104106903076,0.48505106568336487,0.11996564269065857,0.5550321340560913,0.47888800501823425,-0.09379708766937256,0.5436463952064514,0.48274433612823486,0.09392467141151428,0.4856240153312683,0.5122978091239929,-0.21952387690544128,0.46900779008865356,0.5077968239784241,0.21527156233787537,0.4870607256889343,0.5984857678413391,-0.15657901763916016,0.4830373525619507,0.6031237244606018,0.20255163311958313,bottom
deadlift_22,13,0.4514485001564026,0.3736347556114197,-0.21320109069347382,0.4484502077102661,0.36542809009552,0.12520456314086914,0.4718654751777649,0.5065776705741882,-0.2352643758058548,0.4743186831474304,0.47764864563941956,0.13928058743476868,0.5571266412734985,0.46377095580101013,-0.10810544341802597,0.5463816523551941,0.46275895833969116,0.10826751589775085,0.48024433851242065,0.5341959595680237,-0.2068277895450592,0.46731486916542053,0.5219430327415466,0.2091638296842575,0.5017653703689575,0.6745394468307495,-0.12049975991249084,0.49451643228530884,0.6579124331474304,0.22777436673641205,bottom
deadlift_22,53,0.5109043121337891,0.19807937741279602,-0.16621281206607819,0.5148225426673889,0.19344575703144073,0.12676924467086792,0.49333134293556213,0.31298068165779114,-0.17677953839302063,0.5050320029258728,0.3011093735694885,0.15541452169418335,0.48939675092697144,0.4033486545085907,-0.08712205290794373,0.49768075346946716,0.40385547280311584,0.08713140338659286,0.4289394021034241,0.4888654947280884,-0.06237087771296501,0.49297699332237244,0.5545253157615662,0.10262186080217361,0.4514281451702118,0.6011532545089722,0.03296397626399994,0.49912309646606445,0.7209354639053345,0.10653295367956161,top
deadlift_22,54,0.5107458829879761,0.1969800889492035,-0.16500326991081238,0.5170369744300842,0.19398251175880432,0.12635281682014465,0.49334579706192017,0.31083768606185913,-0.1849668025970459,0.5055607557296753,0.30213072896003723,0.14741747081279755,0.48958441615104675,0.4030604660511017,-0.08643835037946701,0.49878188967704773,0.40455031394958496,0.0864512249827385,0.43381592631340027,0.5006684064865112,-0.06063586473464966,0.49212414026260376,0.5561178922653198,0.11178641021251678,0.4551452398300171,0.594095766544342,0.04274357110261917,0.5003828406333923,0.7221020460128784,0.12424799799919128,top
deadlift_22,55,0.5113356709480286,0.1979895681142807,-0.16500602662563324,0.5156289339065552,0.19332920014858246,0.1253652423620224,0.49380502104759216,0.3119012713432312,-0.17932161688804626,0.505364716053009,0.2991145849227905,0.14696788787841797,0.48903197050094604,0.4017537534236908,-0.08571963757276535,0.4983064532279968,0.40416795015335083,0.08572358638048172,0.4258701205253601,0.4898947477340698,-0.06074885278940201,0.4934079051017761,0.5525842905044556,0.09467736631631851,0.4421316981315613,0.5949451923370361,0.0416930727660656,0.4989992678165436,0.7207679152488708,0.08695852756500244,top
deadlift_22,56,0.5102225542068481,0.19639411568641663,-0.16197043657302856,0.5188558101654053,0.19455276429653168,0.1314549595117569,0.4904623031616211,0.3101925253868103,-0.19236667454242706,0.5049633383750916,0.3049851953983307,0.14397646486759186,0.48756271600723267,0.4013025462627411,-0.0874895229935646,0.49944770336151123,0.4060729146003723,0.08748241513967514,0.4238198399543762,0.476409912109375,-0.059463437646627426,0.4936321973800659,0.5610561966896057,0.1080508753657341,0.4388771653175354,0.5408609509468079,0.06801838427782059,0.5008850693702698,0.7257757186889648,0.10847820341587067,top
deadlift_22,9,0.4530614912509918,0.3978654742240906,-0.23529061675071716,0.44827842712402344,0.39296746253967285,0.09063681960105896,0.47295358777046204,0.5302874445915222,-0.24585770070552826,0.47261351346969604,0.5040152072906494,0.10415539890527725,0.5603234767913818,0.4842471778392792,-0.1019066572189331,0.5506275296211243,0.48765841126441956,0.10208528488874435,0.4738125801086426,0.5404653549194336,-0.13791804015636444,0.46646517515182495,0.5021585822105408,0.21237502992153168,0.5113241076469421,0.6039179563522339,0.07500540465116501,0.5010238885879517,0.6048921942710876,0.26023101806640625,bottom
deadlift_23,10,0.5899572372436523,0.4595034718513489,-0.24091435968875885,0.527026355266571,0.4618130028247833,-0.33086395263671875,0.5888940095901489,0.5417191386222839,-0.14649905264377594,0.5077966451644897,0.551133930683136,-0.34527677297592163,0.5382450819015503,0.5093406438827515,0.03119313344359398,0.5055406093597412,0.502632200717926,-0.031178493052721024,0.5733663439750671,0.5636140704154968,-0.04385686293244362,0.5172480940818787,0.6000218987464905,-0.10665064305067062,0.5446657538414001,0.5834409594535828,0.16613197326660156,0.5047480463981628,0.5928266644477844,0.15569685399532318,bottom
deadlift_23,23,0.5781955122947693,0.28802961111068726,-0.06251724809408188,0.505296528339386,0.2887333333492279,-0.16051740944385529,0.5798190236091614,0.3855379521846771,-0.0138698760420084,0.49852603673934937,0.38745930790901184,-0.1497487723827362,0.55645751953125,0.46172165870666504,0.03405165672302246,0.5196887254714966,0.4637792706489563,-0.03412656858563423,0.5604335069656372,0.5843917727470398,0.052136216312646866,0.5208770632743835,0.5902348756790161,-0.07381201535463333,0.5571580529212952,0.6912610530853271,0.2619326710700989,0.5199641585350037,0.6973233222961426,0.10358715802431107,top
deadlift_23,24,0.575873613357544,0.2792222499847412,-0.07470402121543884,0.4998495876789093,0.2841544449329376,-0.17234478890895844,0.5785781145095825,0.3738180100917816,-0.015270029194653034,0.4964194595813751,0.38137656450271606,-0.1550314724445343,0.5557563900947571,0.4573506712913513,0.032847143709659576,0.5174784064292908,0.4593074321746826,-0.03294999524950981,0.5585634112358093,0.5856353044509888,0.057956282049417496,0.5210070013999939,0.5900307893753052,-0.006877425592392683,0.5577343702316284,0.6937883496284485,0.24716109037399292,0.5194637179374695,0.6979236006736755,0.18517237901687622,top
deadlift_23,25,0.5760104060173035,0.2790783643722534,-0.08782052993774414,0.49983659386634827,0.283795028924942,-0.1834961473941803,0.5785004496574402,0.37450215220451355,-0.028321389108896255,0.49621278047561646,0.3827803432941437,-0.1690579205751419,0.5565596222877502,0.4583667814731598,0.03188569098711014,0.5180200338363647,0.46053704619407654,-0.03197348862886429,0.5588614344596863,0.584524929523468,0.061372291296720505,0.5204842686653137,0.5899940729141235,-0.010934269987046719,0.5570440292358398,0.6923853158950806,0.26116034388542175,0.5203157067298889,0.6972717642784119,0.18598298728466034,top
deadlift_23,26,0.5651091933250427,0.26741063594818115,-0.06394559144973755,0.48938581347465515,0.2750057280063629,-0.16502545773983002,0.5732176303863525,0.36221829056739807,-0.0030460902489721775,0.48917287588119507,0.37065228819847107,-0.1479083001613617,0.555629551410675,0.44516852498054504,0.033405717462301254,0.5157038569450378,0.4512960910797119,-0.03347174450755119,0.5538338422775269,0.5839429497718811,0.057615578174591064,0.5194571018218994,0.5902726650238037,-0.03508162125945091,0.5549415349960327,0.692298412322998,0.2382178008556366,0.5155084133148193,0.7042227983474731,0.11398937553167343,top
deadlift_23,27,0.5648722052574158,0.26712343096733093,-0.061487454921007156,0.4896901845932007,0.2733738422393799,-0.1633313000202179,0.5732524394989014,0.36244097352027893,-0.0004667877219617367,0.48909223079681396,0.36847183108329773,-0.14654263854026794,0.5554806590080261,0.4449925720691681,0.033377550542354584,0.5154154896736145,0.45073845982551575,-0.03343698009848595,0.5538721680641174,0.5848074555397034,0.052679095417261124,0.5193312764167786,0.5904496908187866,-0.03564063832163811,0.5542578101158142,0.6929407119750977,0.23452074825763702,0.5162990689277649,0.7065351009368896,0.11542144417762756,top
deadlift_23,6,0.5544143915176392,0.5362410545349121,-0.07720673084259033,0.5162782669067383,0.5628181099891663,-0.042943861335515976,0.5569484233856201,0.48934856057167053,-0.06969908624887466,0.5270439386367798,0.5243566632270813,-0.030595187097787857,0.5455837845802307,0.4463144540786743,-0.009821114130318165,0.5188326239585876,0.4608609080314636,0.00986042246222496,0.568329393863678,0.5310229659080505,-0.0415508970618248,0.5147126913070679,0.5340409278869629,-0.047082461416721344,0.572632908821106,0.6197333335876465,-0.04599202796816826,0.5281846523284912,0.621271550655365,-0.08857443928718567,bottom
deadlift_23,7,0.5527514219284058,0.5371404886245728,-0.08477909117937088,0.5172902345657349,0.5658929944038391,-0.054793473333120346,0.5540353655815125,0.49424996972084045,-0.046531978994607925,0.5280727744102478,0.5321155786514282,-0.0054156300611793995,0.5459879040718079,0.44637224078178406,-0.01030030008405447,0.5177794694900513,0.46131017804145813,0.010369387455284595,0.5704198479652405,0.5250883102416992,-0.04674433916807175,0.5102066993713379,0.5326967835426331,-0.04006066173315048,0.5732972025871277,0.6173093318939209,-0.04621141776442528,0.5248560905456543,0.6210193634033203,-0.06438197940587997,bottom
deadlift_23,8,0.5336188673973083,0.5463234186172485,0.06365155428647995,0.5455275177955627,0.5487573742866516,0.1025564894080162,0.5088163614273071,0.5129792094230652,0.056752122938632965,0.5631822347640991,0.5135650634765625,0.08928033709526062,0.5423609614372253,0.4483860731124878,-0.014184696599841118,0.5333995819091797,0.45997947454452515,0.013977745547890663,0.5546018481254578,0.5369468331336975,-0.043024737387895584,0.5276045799255371,0.5379209518432617,-0.0025802738964557648,0.562472403049469,0.6256163716316223,-0.09303674101829529,0.5405972599983215,0.6163578033447266,-0.06458105146884918,bottom
deadlift_23,9,0.5915659666061401,0.4660131335258484,-0.16718442738056183,0.5404132008552551,0.4563838541507721,-0.22599312663078308,0.5896619558334351,0.5417904853820801,-0.14288629591464996,0.5219799876213074,0.5343825221061707,-0.22064624726772308,0.5379853844642639,0.4937627613544464,0.03202937915921211,0.5093403458595276,0.4849928021430969,-0.031989190727472305,0.5654952526092529,0.5666868090629578,-0.06102095544338226,0.5098350048065186,0.5546546578407288,-0.22532230615615845,0.5336061716079712,0.5700554847717285,0.10692615061998367,0.5015221238136292,0.6004829406738281,-0.05917453020811081,bottom
deadlift_3,118,0.7666614651679993,0.43581077456474304,0.05601790174841881,0.7688003182411194,0.45778968930244446,-0.2642591595649719,0.7418050765991211,0.5653358101844788,0.05670291930437088,0.7488417029380798,0.6172412037849426,-0.2760262191295624,0.6850784420967102,0.567547082901001,0.10259755700826645,0.6699408292770386,0.5623545050621033,-0.10267607867717743,0.7612935304641724,0.6364389061927795,0.24411828815937042,0.7283245325088501,0.6339284181594849,-0.2102668136358261,0.7244613170623779,0.6941432952880859,0.36811134219169617,0.7234649062156677,0.7361447811126709,-0.043564990162849426,bottom
deadlift_3,119,0.7668511867523193,0.43983036279678345,0.07091769576072693,0.7682883739471436,0.4591222107410431,-0.25387275218963623,0.7408638000488281,0.5677945613861084,0.06793496012687683,0.7494181990623474,0.6113408803939819,-0.2636340856552124,0.6814963817596436,0.569685161113739,0.10425809770822525,0.6681651473045349,0.5643011927604675,-0.10434484481811523,0.7595981955528259,0.6413959264755249,0.2435312718153,0.73191899061203,0.6500779390335083,-0.1857067495584488,0.7304107546806335,0.7081425786018372,0.37813669443130493,0.7292451858520508,0.7348092198371887,0.007476188708096743,bottom
deadlift_3,120,0.7661310434341431,0.4398535490036011,0.07441432774066925,0.7681484818458557,0.459861159324646,-0.2494700402021408,0.7409386038780212,0.5675373673439026,0.07120522111654282,0.7487499713897705,0.614439845085144,-0.258734792470932,0.6804990172386169,0.5709299445152283,0.10449252277612686,0.668673574924469,0.5649914145469666,-0.10457410663366318,0.7583888173103333,0.6441805362701416,0.245158389210701,0.7341099977493286,0.651218831539154,-0.1789262592792511,0.729939341545105,0.7079529762268066,0.38190242648124695,0.7302995324134827,0.7355180382728577,0.008174993097782135,bottom
deadlift_3,50,0.7113066911697388,0.21777382493019104,0.07244880497455597,0.7243877649307251,0.22331759333610535,-0.26486337184906006,0.7144160866737366,0.37307363748550415,0.09866070747375488,0.7337881326675415,0.3887844383716583,-0.2900339961051941,0.7131578326225281,0.49589210748672485,0.09764290601015091,0.7270228266716003,0.4959038197994232,-0.09779499471187592,0.7197449207305908,0.6679408550262451,0.20429930090904236,0.7283545732498169,0.6640403866767883,0.017031317576766014,0.7204552292823792,0.8238476514816284,0.35022687911987305,0.7187167406082153,0.8333882093429565,0.18799634277820587,top
deadlift_3,51,0.7095382809638977,0.2207081913948059,0.079192154109478,0.7228434085845947,0.22654561698436737,-0.260800838470459,0.7163455486297607,0.3734379708766937,0.10340214520692825,0.7343789935112,0.3881071209907532,-0.28861868381500244,0.7158902287483215,0.4932309687137604,0.09872215241193771,0.7279133200645447,0.49433672428131104,-0.09887342900037766,0.7206329107284546,0.6681434512138367,0.19441209733486176,0.730035126209259,0.6672074198722839,0.006843800190836191,0.7218574285507202,0.8264392018318176,0.3329027593135834,0.718437135219574,0.8419909477233887,0.17177478969097137,top
deadlift_3,52,0.70779949426651,0.2209896445274353,0.08070867508649826,0.7243313789367676,0.2280053198337555,-0.2591916024684906,0.7151117324829102,0.3773441016674042,0.10501657426357269,0.7357410788536072,0.39091479778289795,-0.28523439168930054,0.7116309404373169,0.4947962164878845,0.0980701595544815,0.7315075993537903,0.4956524670124054,-0.09824787080287933,0.7174282073974609,0.6648015975952148,0.19843710958957672,0.7413342595100403,0.6534469723701477,0.006992028094828129,0.7197433710098267,0.8267117142677307,0.33790889382362366,0.7199206948280334,0.8389351963996887,0.17446419596672058,top
deadlift_3,53,0.7068732380867004,0.2187550961971283,0.07544398307800293,0.7205153703689575,0.22263965010643005,-0.25687363743782043,0.7172912359237671,0.3731722831726074,0.09696872532367706,0.73221355676651,0.38494521379470825,-0.2837837338447571,0.7170976400375366,0.49940842390060425,0.0987158715724945,0.7294161915779114,0.4982145428657532,-0.09885342419147491,0.7227712273597717,0.6649097204208374,0.20377758145332336,0.7309395670890808,0.6652002334594727,0.014342725276947021,0.7225200533866882,0.8207898139953613,0.34768572449684143,0.7200188040733337,0.8366179466247559,0.1786341518163681,top
deadlift_3,54,0.7051871418952942,0.21864011883735657,0.07776382565498352,0.7192322015762329,0.22315537929534912,-0.2495308220386505,0.7132437825202942,0.3702477812767029,0.09531819820404053,0.7342033982276917,0.3857119679450989,-0.26821354031562805,0.7152475714683533,0.497111976146698,0.0961410328745842,0.7322047352790833,0.49616992473602295,-0.09627415984869003,0.7181008458137512,0.6680961847305298,0.19645026326179504,0.7307465076446533,0.6639001369476318,0.003224904416128993,0.7226129770278931,0.8265383243560791,0.33345064520835876,0.7219008803367615,0.8358906507492065,0.15605288743972778,top
deadlift_6,26,0.4950413703918457,0.4696930944919586,0.32286781072616577,0.5560176968574524,0.5018370747566223,0.1136208102107048,0.46528658270835876,0.5446836352348328,0.2946593165397644,0.5550352931022644,0.6324357986450195,0.012418682686984539,0.41558995842933655,0.5646722912788391,0.08318471908569336,0.46876394748687744,0.5743145942687988,-0.08377523720264435,0.45041611790657043,0.6746397614479065,0.19123241305351257,0.5413476228713989,0.6859194040298462,-0.022443115711212158,0.4350043535232544,0.8239180445671082,0.11098814755678177,0.5037668347358704,0.856024980545044,-0.07296165823936462,bottom
deadlift_6,27,0.4981227517127991,0.4604172706604004,0.3457898795604706,0.5572099089622498,0.49012133479118347,0.1486007571220398,0.47271642088890076,0.5538374781608582,0.30917590856552124,0.5561023354530334,0.6194229125976562,0.03709014505147934,0.4219062626361847,0.5681679844856262,0.07751060277223587,0.4680812954902649,0.5926358103752136,-0.07812076061964035,0.45502525568008423,0.6794906854629517,0.16259434819221497,0.5394889712333679,0.6936649084091187,-0.03459876775741577,0.4339779019355774,0.8253759145736694,-0.009532064199447632,0.49677273631095886,0.871349573135376,-0.17653989791870117,bottom
deadlift_6,28,0.4956393837928772,0.46606653928756714,0.355895072221756,0.5573285818099976,0.49013763666152954,0.1661219596862793,0.4700619578361511,0.5657196044921875,0.3198768198490143,0.5559622049331665,0.62251877784729,0.05253870040178299,0.4195915162563324,0.5663132071495056,0.07821580022573471,0.4745989739894867,0.5709714293479919,-0.07883512228727341,0.4456001818180084,0.6775577664375305,0.17745178937911987,0.5412976145744324,0.6979966759681702,-0.028804665431380272,0.4318522810935974,0.8194929361343384,0.017764540389180183,0.49673110246658325,0.870019793510437,-0.1623753309249878,bottom
deadlift_6,29,0.4930744767189026,0.4372241795063019,0.30587998032569885,0.5564216375350952,0.46728575229644775,0.11202318221330643,0.47241654992103577,0.5506454110145569,0.29473793506622314,0.5543299317359924,0.6059461236000061,0.04617719724774361,0.4173418879508972,0.5563430786132812,0.0782201737165451,0.46050766110420227,0.5697778463363647,-0.07879569381475449,0.44568032026290894,0.6793498396873474,0.19307567179203033,0.5270586013793945,0.6814675331115723,0.016562696546316147,0.43486151099205017,0.8265035152435303,0.16262923181056976,0.5058742165565491,0.8495815992355347,-0.0011701828334480524,bottom
deadlift_6,30,0.49681487679481506,0.4278833270072937,0.2977505624294281,0.5581346750259399,0.45657891035079956,0.09833762049674988,0.4789882302284241,0.5367686748504639,0.2961767017841339,0.5564084649085999,0.5867965817451477,0.049852386116981506,0.41715067625045776,0.5467140674591064,0.07668498903512955,0.4582688510417938,0.5559804439544678,-0.07711373269557953,0.4407910704612732,0.6826314926147461,0.16432437300682068,0.5230063796043396,0.6848618388175964,-0.0093263890594244,0.43838009238243103,0.8272550106048584,0.13933449983596802,0.4983299672603607,0.8653331398963928,-0.02442109026014805,bottom
deadlift_6,81,0.4431184232234955,0.24017645418643951,0.07827472686767578,0.5210707783699036,0.24607297778129578,-0.1570761352777481,0.4587419629096985,0.36399149894714355,0.17534483969211578,0.5409627556800842,0.38142332434654236,-0.10944655537605286,0.4536592364311218,0.49664124846458435,0.08351103216409683,0.4932456910610199,0.49973657727241516,-0.08356974273920059,0.44752827286720276,0.6658952236175537,0.16804106533527374,0.5038289427757263,0.6880112886428833,-0.021197618916630745,0.4390980005264282,0.8481385707855225,0.24668282270431519,0.49311551451683044,0.8804251551628113,0.03767961263656616,top
deadlift_6,82,0.4436759054660797,0.23986980319023132,0.0728238895535469,0.5201705694198608,0.2457062304019928,-0.16271592676639557,0.4583139717578888,0.3691186308860779,0.15428009629249573,0.5396830439567566,0.38291841745376587,-0.12469756603240967,0.4542136788368225,0.4979768991470337,0.0832095667719841,0.4936533272266388,0.5008880496025085,-0.08327732980251312,0.4474946856498718,0.665836751461029,0.17062009871006012,0.5035577416419983,0.689595639705658,-0.017499517649412155,0.43825191259384155,0.8474042415618896,0.2582668960094452,0.4929422438144684,0.8815468549728394,0.048902835696935654,top
deadlift_6,83,0.4431697428226471,0.2412990927696228,0.07983336597681046,0.5206098556518555,0.2450907975435257,-0.15742692351341248,0.4553643763065338,0.37256288528442383,0.14492683112621307,0.5394283533096313,0.3839479982852936,-0.11677589267492294,0.4533657431602478,0.4975951611995697,0.0854693353176117,0.4931536316871643,0.5008156895637512,-0.0855536013841629,0.44623488187789917,0.664851725101471,0.18207214772701263,0.50426185131073,0.6903294920921326,-0.025089744478464127,0.4382481575012207,0.8456511497497559,0.27893686294555664,0.4924178719520569,0.8812228441238403,0.028998401015996933,top
deadlift_6,84,0.44255420565605164,0.24357421696186066,0.0800928920507431,0.520074725151062,0.24388106167316437,-0.14937883615493774,0.4505535960197449,0.3781556487083435,0.12328922003507614,0.5395383834838867,0.3824896812438965,-0.11012335121631622,0.4533929228782654,0.4954015016555786,0.08310102671384811,0.49430885910987854,0.49726054072380066,-0.08324289321899414,0.4489011764526367,0.6640081405639648,0.17317748069763184,0.5039445161819458,0.6901684999465942,-0.02116316556930542,0.4385335147380829,0.8480892181396484,0.2622390389442444,0.4922027587890625,0.8822120428085327,0.03667207434773445,top
deadlift_6,85,0.4425613582134247,0.24267026782035828,0.08008898794651031,0.5194512605667114,0.24347135424613953,-0.15306280553340912,0.4513622522354126,0.37321576476097107,0.12771737575531006,0.5402705073356628,0.380214124917984,-0.11242301017045975,0.453855961561203,0.496856689453125,0.0840197280049324,0.49417322874069214,0.49856188893318176,-0.08414193242788315,0.4493436813354492,0.6648597717285156,0.17776593565940857,0.5030819773674011,0.6898351907730103,-0.025680523365736008,0.4381627142429352,0.8463327288627625,0.2697804570198059,0.4919031262397766,0.8797075748443604,0.02925919182598591,top
deadlift_7,32,0.44903817772865295,0.24443373084068298,0.08480363339185715,0.42411521077156067,0.2491883784532547,-0.2822968363761902,0.4723169505596161,0.3793325126171112,0.13161227107048035,0.4518532156944275,0.40833988785743713,-0.3328397572040558,0.47508445382118225,0.5032616257667542,0.10431686788797379,0.46679601073265076,0.5079764723777771,-0.10437813401222229,0.5044589042663574,0.673474907875061,0.09996899217367172,0.5038274526596069,0.6674549579620361,-0.09358752518892288,0.4660767614841461,0.845758318901062,0.20362387597560883,0.4643562436103821,0.8908548355102539,0.019652504473924637,top
deadlift_7,33,0.44668859243392944,0.24778476357460022,0.07474091649055481,0.4230949282646179,0.25488147139549255,-0.27946022152900696,0.4711599051952362,0.3870910108089447,0.11327166855335236,0.45331770181655884,0.4152926206588745,-0.32093334197998047,0.47185760736465454,0.5110206604003906,0.1009717509150505,0.46939992904663086,0.5121113657951355,-0.10106942057609558,0.49225685000419617,0.6905808448791504,0.14770345389842987,0.5022226572036743,0.6764880418777466,-0.058410849422216415,0.4634450376033783,0.8694844245910645,0.24898050725460052,0.46472305059432983,0.8870700597763062,0.05881000682711601,top
deadlift_7,34,0.44656944274902344,0.24753744900226593,0.06626640260219574,0.42269986867904663,0.25426316261291504,-0.28681129217147827,0.47138795256614685,0.38799357414245605,0.10432319343090057,0.4528068006038666,0.415019690990448,-0.3278777599334717,0.47271305322647095,0.5110514760017395,0.10023169219493866,0.46898117661476135,0.5129189491271973,-0.1003582701086998,0.49277275800704956,0.6881997585296631,0.1644633710384369,0.497659295797348,0.6828114986419678,-0.04461390897631645,0.4630729556083679,0.8670291304588318,0.27835753560066223,0.46441131830215454,0.8903259038925171,0.08521982282400131,top
deadlift_7,35,0.43919944763183594,0.24794568121433258,0.06707081943750381,0.4228852093219757,0.2552035450935364,-0.280895859003067,0.4667218327522278,0.39093098044395447,0.0958135798573494,0.455222487449646,0.4167931079864502,-0.3214019536972046,0.47415798902511597,0.5069661140441895,0.09894151985645294,0.4714414179325104,0.5082918405532837,-0.0990772619843483,0.492180198431015,0.69483882188797,0.16022716462612152,0.5000500679016113,0.6848117113113403,-0.04550448805093765,0.4652681052684784,0.8714607954025269,0.2748126983642578,0.4653390645980835,0.8878782987594604,0.08454294502735138,top
deadlift_7,36,0.4396808445453644,0.2487265169620514,0.07739830762147903,0.4197632074356079,0.25673219561576843,-0.26805761456489563,0.46790069341659546,0.38663023710250854,0.11145313829183578,0.4511859118938446,0.41472122073173523,-0.31449446082115173,0.47431501746177673,0.5081308484077454,0.09615009278059006,0.4676099717617035,0.5092679262161255,-0.09619667381048203,0.5002764463424683,0.678148090839386,0.09680420905351639,0.5016946792602539,0.6632077693939209,-0.0704743042588234,0.46311819553375244,0.8744516968727112,0.17903807759284973,0.464713990688324,0.881974458694458,0.03280913084745407,top
deadlift_7,80,0.5127545595169067,0.5107501745223999,0.13097310066223145,0.5133581757545471,0.5350276827812195,-0.23682808876037598,0.49845317006111145,0.6492400765419006,0.1342729926109314,0.5045285224914551,0.6921842098236084,-0.2544453740119934,0.4049440622329712,0.6139374375343323,0.11673279851675034,0.3923288881778717,0.6333768367767334,-0.11678530275821686,0.5085961818695068,0.6836518049240112,0.24250097572803497,0.4906904101371765,0.7172533869743347,-0.19991129636764526,0.46950167417526245,0.7782958745956421,0.3478897213935852,0.47683510184288025,0.8404642343521118,-0.013734136708080769,bottom
deadlift_7,81,0.5125120878219604,0.5156152248382568,0.11190371960401535,0.511786162853241,0.5350610017776489,-0.2318832278251648,0.4980637729167938,0.6480943560600281,0.1088961735367775,0.5046250820159912,0.7045838832855225,-0.24522365629673004,0.4089326560497284,0.6176832914352417,0.11424142867326736,0.3954292833805084,0.645479679107666,-0.11423547565937042,0.5015122890472412,0.6855573654174805,0.2888129949569702,0.4888184368610382,0.7179818749427795,-0.21877123415470123,0.4650987684726715,0.7690563201904297,0.42118051648139954,0.4704362154006958,0.8660495281219482,-0.12047319114208221,bottom
deadlift_7,82,0.5125793218612671,0.5135848522186279,0.11580659449100494,0.5122791528701782,0.5307228565216064,-0.2364387810230255,0.4998001158237457,0.6484137773513794,0.11288245022296906,0.5039335489273071,0.7012155652046204,-0.24854901432991028,0.4074586033821106,0.6247010231018066,0.11852506548166275,0.3960292637348175,0.6424146294593811,-0.11849363148212433,0.49900078773498535,0.6909444332122803,0.3020515739917755,0.4874810576438904,0.7260164618492126,-0.2237096130847931,0.4637419581413269,0.77003014087677,0.4374184012413025,0.46921101212501526,0.8883755803108215,-0.14858461916446686,bottom
deadlift_7,83,0.5129014253616333,0.513046145439148,0.1411721259355545,0.5116862654685974,0.53057461977005,-0.22248896956443787,0.5049258470535278,0.6510958671569824,0.13629843294620514,0.5100162029266357,0.7000387907028198,-0.24012714624404907,0.40738359093666077,0.6282771825790405,0.12368810921907425,0.3957265615463257,0.6412166953086853,-0.12369399517774582,0.5052465796470642,0.684481143951416,0.2906946539878845,0.49620285630226135,0.7181500196456909,-0.203374445438385,0.4690302610397339,0.8044854402542114,0.4260258972644806,0.47159919142723083,0.8959072232246399,-0.13911797106266022,bottom
deadlift_7,84,0.5127426981925964,0.5102134943008423,0.1371910721063614,0.5121914744377136,0.5311832427978516,-0.2163170427083969,0.5019985437393188,0.6463202238082886,0.13097833096981049,0.5098159313201904,0.7028915882110596,-0.2300664633512497,0.40961048007011414,0.6290003657341003,0.12177959084510803,0.39621633291244507,0.6471094489097595,-0.121769979596138,0.5076421499252319,0.6823133230209351,0.29326388239860535,0.4951299726963043,0.730126678943634,-0.21664731204509735,0.4704954922199249,0.7937687039375305,0.42114153504371643,0.46862560510635376,0.9095508456230164,-0.15870879590511322,bottom
